{
  "baseline": {
    "thresholds": [
      0.1,
      0.0
    ],
    "coverages_total": [
      0.05,
      0.7
    ],
    "coverages_answered_only": [
      0.07142857142857142,
      1.0
    ],
    "accuracies": [
      1.0,
      0.6428571428571429
    ],
    "risks": [
      0.0,
      0.3571428571428571
    ],
    "aurc": 0.11607142857142853,
    "risk_at_80_coverage": 0.3571428571428571,
    "risk_at_90_coverage": 0.3571428571428571,
    "coverage_at_5_risk": 0.05
  },
  "proposed": {
    "thresholds": [
      0.8053804914475454,
      0.8053459845127937,
      0.6658634970352287,
      0.6551489111804192,
      0.655067582694133,
      0.6264978107989474,
      0.5378451016170791,
      0.5283257762361664,
      0.5282542580698419,
      0.5034386223909567
    ],
    "coverages_total": [
      0.05,
      0.15,
      0.2,
      0.25,
      0.35,
      0.45,
      0.5,
      0.55,
      0.65,
      0.7
    ],
    "coverages_answered_only": [
      0.07142857142857142,
      0.21428571428571427,
      0.2857142857142857,
      0.35714285714285715,
      0.5,
      0.6428571428571429,
      0.7142857142857143,
      0.7857142857142857,
      0.9285714285714286,
      1.0
    ],
    "accuracies": [
      1.0,
      1.0,
      1.0,
      1.0,
      1.0,
      1.0,
      0.9,
      0.8181818181818182,
      0.6923076923076923,
      0.6428571428571429
    ],
    "risks": [
      0.0,
      0.0,
      0.0,
      0.0,
      0.0,
      0.0,
      0.09999999999999998,
      0.18181818181818177,
      0.3076923076923077,
      0.3571428571428571
    ],
    "aurc": 0.05064185814185811,
    "risk_at_80_coverage": 0.3571428571428571,
    "risk_at_90_coverage": 0.3571428571428571,
    "coverage_at_5_risk": 0.45
  },
  "calibration": {
    "confidence_only": {
      "ece": 0.6357142857142858,
      "brier": 0.6292857142857143,
      "auroc": 0.5555555555555556,
      "auprc": 0.6825396825396826
    },
    "gate_score": {
      "ece": 0.380421597193496,
      "brier": 0.1600822974562882,
      "auroc": 1.0,
      "auprc": 1.0
    }
  },
  "gate_meta": {
    "status": "cross_validated",
    "cv_folds": 5,
    "gate_name": "logistic_regression",
    "class_counts": {
      "0": 5,
      "1": 9
    },
    "fallback_used": false
  },
  "num_answered_rows": 14,
  "class_balance_answered": {
    "correct": 9,
    "hallucinate": 5
  },
  "confidence_scores": [
    0.0,
    0.0,
    0.0,
    0.0,
    0.0,
    0.0,
    0.0,
    0.0,
    0.0,
    0.0,
    0.0,
    0.1,
    0.0,
    0.0
  ],
  "gate_scores": [
    0.5034386223909567,
    0.8053804914475454,
    0.8053459845127937,
    0.6264978107989474,
    0.5378451016170791,
    0.655067582694133,
    0.6264978107989474,
    0.5283257762361664,
    0.655067582694133,
    0.5282542580698419,
    0.6658634970352287,
    0.6551489111804192,
    0.5282542580698419,
    0.8053459845127937
  ],
  "labels": [
    0.0,
    1.0,
    1.0,
    1.0,
    0.0,
    1.0,
    1.0,
    0.0,
    1.0,
    0.0,
    1.0,
    1.0,
    0.0,
    1.0
  ]
}