{
  "metrics": {
    "total": 500,
    "correct": 201,
    "abstain": 135,
    "hallucinate": 164,
    "correct_rate": 0.402,
    "abstain_rate": 0.27,
    "hallucinate_rate": 0.328,
    "mean_em": 0.312,
    "mean_f1": 0.40460328127857426
  },
  "n_sufficient": 348,
  "n_insufficient": 152,
  "gate_coefficients": {
    "confidence_weight": 0.22433092237436422,
    "sufficiency_weight": 0.6445403894141678,
    "intercept": -0.5765141494418052
  }
}