{
  "baseline": {
    "thresholds": [
      0.1
    ],
    "coverages_total": [
      0.96
    ],
    "coverages_answered_only": [
      1.0
    ],
    "accuracies": [
      0.03125
    ],
    "risks": [
      0.96875
    ],
    "aurc": null,
    "risk_at_80_coverage": 0.96875,
    "risk_at_90_coverage": 0.96875,
    "coverage_at_5_risk": 0.0
  },
  "proposed": {
    "thresholds": [
      0.03968139798960326,
      0.03822414261223117,
      0.03657215631745066,
      0.03512235155296637,
      0.0349430477408512,
      0.034673668381705935,
      0.03294272251235676,
      0.032573626927028754,
      0.03224656332112874,
      0.03187072559546679,
      0.031532468336941684,
      0.030585365820682105,
      0.030396426518866704,
      0.02928749208446987,
      0.02830144395852983,
      0.027222902910612884,
      0.02616678634953808,
      0.02576911354099392,
      0.025732906499410214,
      0.025150425791947043,
      0.024729421291115397,
      0.024575344078904184,
      0.023231958109925874
    ],
    "coverages_total": [
      0.01,
      0.085,
      0.14,
      0.18,
      0.275,
      0.295,
      0.33,
      0.345,
      0.36,
      0.365,
      0.49,
      0.595,
      0.675,
      0.68,
      0.685,
      0.8,
      0.805,
      0.815,
      0.88,
      0.885,
      0.945,
      0.955,
      0.96
    ],
    "coverages_answered_only": [
      0.010416666666666666,
      0.08854166666666667,
      0.14583333333333334,
      0.1875,
      0.2864583333333333,
      0.3072916666666667,
      0.34375,
      0.359375,
      0.375,
      0.3802083333333333,
      0.5104166666666666,
      0.6197916666666666,
      0.703125,
      0.7083333333333334,
      0.7135416666666666,
      0.8333333333333334,
      0.8385416666666666,
      0.8489583333333334,
      0.9166666666666666,
      0.921875,
      0.984375,
      0.9947916666666666,
      1.0
    ],
    "accuracies": [
      0.0,
      0.0,
      0.0,
      0.0,
      0.0,
      0.0,
      0.0,
      0.0,
      0.0,
      0.0,
      0.01020408163265306,
      0.01680672268907563,
      0.022222222222222223,
      0.022058823529411766,
      0.021897810218978103,
      0.01875,
      0.018633540372670808,
      0.024539877300613498,
      0.028409090909090908,
      0.02824858757062147,
      0.031746031746031744,
      0.031413612565445025,
      0.03125
    ],
    "risks": [
      1.0,
      1.0,
      1.0,
      1.0,
      1.0,
      1.0,
      1.0,
      1.0,
      1.0,
      1.0,
      0.9897959183673469,
      0.9831932773109243,
      0.9777777777777777,
      0.9779411764705882,
      0.9781021897810219,
      0.98125,
      0.9813664596273292,
      0.9754601226993865,
      0.9715909090909091,
      0.9717514124293786,
      0.9682539682539683,
      0.9685863874345549,
      0.96875
    ],
    "aurc": 0.9393810691534918,
    "risk_at_80_coverage": 0.98125,
    "risk_at_90_coverage": 0.9717514124293786,
    "coverage_at_5_risk": 0.0
  },
  "calibration": {
    "confidence_only": {
      "ece": 0.06874999999999999,
      "brier": 0.03500000000000001,
      "auroc": 0.5,
      "auprc": 0.03125
    },
    "gate_score": {
      "ece": 1.4178359539318564e-05,
      "brier": 0.030486498102500186,
      "auroc": 0.2674731182795699,
      "auprc": 0.022321337749947844
    }
  },
  "gate_meta": {
    "status": "cross_validated",
    "cv_folds": 5,
    "class_counts": {
      "0": 186,
      "1": 6
    },
    "fallback_used": false
  },
  "num_answered_rows": 192,
  "class_balance_answered": {
    "correct": 6,
    "hallucinate": 186
  },
  "confidence_scores": [
    0.1,
    0.1,
    0.1,
    0.1,
    0.1,
    0.1,
    0.1,
    0.1,
    0.1,
    0.1,
    0.1,
    0.1,
    0.1,
    0.1,
    0.1,
    0.1,
    0.1,
    0.1,
    0.1,
    0.1,
    0.1,
    0.1,
    0.1,
    0.1,
    0.1,
    0.1,
    0.1,
    0.1,
    0.1,
    0.1,
    0.1,
    0.1,
    0.1,
    0.1,
    0.1,
    0.1,
    0.1,
    0.1,
    0.1,
    0.1,
    0.1,
    0.1,
    0.1,
    0.1,
    0.1,
    0.1,
    0.1,
    0.1,
    0.1,
    0.1,
    0.1,
    0.1,
    0.1,
    0.1,
    0.1,
    0.1,
    0.1,
    0.1,
    0.1,
    0.1,
    0.1,
    0.1,
    0.1,
    0.1,
    0.1,
    0.1,
    0.1,
    0.1,
    0.1,
    0.1,
    0.1,
    0.1,
    0.1,
    0.1,
    0.1,
    0.1,
    0.1,
    0.1,
    0.1,
    0.1,
    0.1,
    0.1,
    0.1,
    0.1,
    0.1,
    0.1,
    0.1,
    0.1,
    0.1,
    0.1,
    0.1,
    0.1,
    0.1,
    0.1,
    0.1,
    0.1,
    0.1,
    0.1,
    0.1,
    0.1,
    0.1,
    0.1,
    0.1,
    0.1,
    0.1,
    0.1,
    0.1,
    0.1,
    0.1,
    0.1,
    0.1,
    0.1,
    0.1,
    0.1,
    0.1,
    0.1,
    0.1,
    0.1,
    0.1,
    0.1,
    0.1,
    0.1,
    0.1,
    0.1,
    0.1,
    0.1,
    0.1,
    0.1,
    0.1,
    0.1,
    0.1,
    0.1,
    0.1,
    0.1,
    0.1,
    0.1,
    0.1,
    0.1,
    0.1,
    0.1,
    0.1,
    0.1,
    0.1,
    0.1,
    0.1,
    0.1,
    0.1,
    0.1,
    0.1,
    0.1,
    0.1,
    0.1,
    0.1,
    0.1,
    0.1,
    0.1,
    0.1,
    0.1,
    0.1,
    0.1,
    0.1,
    0.1,
    0.1,
    0.1,
    0.1,
    0.1,
    0.1,
    0.1,
    0.1,
    0.1,
    0.1,
    0.1,
    0.1,
    0.1,
    0.1,
    0.1,
    0.1,
    0.1,
    0.1,
    0.1,
    0.1,
    0.1,
    0.1,
    0.1,
    0.1,
    0.1,
    0.1,
    0.1,
    0.1,
    0.1,
    0.1,
    0.1
  ],